Frekans (GHz),P_in (dBm),VGS (V),SP_Iter1_Point,SP_Iter1_Mag,SP_Iter1_Ang,LP_Iter1_Point,LP_Iter1_Mag,LP_Iter1_Ang,SP_Iter2_Point,SP_Iter2_Mag,SP_Iter2_Ang,LP_Iter2_Point,LP_Iter2_Mag,LP_Iter2_Ang,SP_Iter3_Point,SP_Iter3_Mag,SP_Iter3_Ang,LP_Iter3_Point,LP_Iter3_Mag,LP_Iter3_Ang
13.00,28,-2.81,33.783,0.8505,-64.05,37.565,0.6669,-118.1,37.649,0.88251,-62.692,37.649,0.68435,-117.7,37.659,0.89353,-62.541,37.651,0.68836,-117.8
13.00,29,-2.81,34.361,0.8505,-64.05,38.245,0.6579,-116.6,38.32,0.88251,-62.692,38.311,0.66854,-116.52,38.32,0.89353,-62.541,38.312,0.67253,-116.63
13.00,30,-2.81,34.728,0.8505,-64.05,38.852,0.6579,-116.6,38.893,0.88251,-62.692,38.881,0.67547,-116.23,38.89,0.89621,-62.212,38.877,0.67413,-116.57
