P_in (dBm),VGS (V),PLoad [dBm],PAE [%],Best_Source_Mag,Best_Source_Ang,Best_Load_Mag,Best_Load_Ang,SP_It1_Point,SP_It1_Mag,SP_It1_Ang,LP_It1_Point,LP_It1_Mag,LP_It1_Ang,SP_It2_Point,SP_It2_Mag,SP_It2_Ang,LP_It2_Point,LP_It2_Mag,LP_It2_Ang
30,-2.9,38.65,51.21,0.6571306857440984,-101.17071514703056,0.6605098621019683,-164.60515589143927,16.0,0.8533843123568728,-92.87530605254331,50.5,0.6671835660634716,-165.0823083205005,51.0,0.6571306857440984,-101.17071514703056,51.0,0.6605098621019683,-164.60515589143927
