P_in (dBm),VGS (V),PLoad [dBm],PAE [%],Best_Source_Mag,Best_Source_Ang,Best_Load_Mag,Best_Load_Ang,SP_It1_Point,SP_It1_Mag,SP_It1_Ang,LP_It1_Point,LP_It1_Mag,LP_It1_Ang,SP_It2_Point,SP_It2_Mag,SP_It2_Ang,LP_It2_Point,LP_It2_Mag,LP_It2_Ang
30,-2.85,38.62,46.92,0.8883737057268313,-59.526783997647144,0.6871571302915293,-122.27477946258328,11.75,0.8439304521273754,-70.8520300765566,44.5,0.7114419150700694,-120.93120064401342,47.0,0.8883737057268313,-59.526783997647144,46.5,0.6871571302915293,-122.27477946258328
